{"cameraMode":{"drawMode":0,"name":"Shaded","section":"Shading Mode"},"sceneLighting":false,"audioPlay":false,"sceneViewState":{"showFog":true,"showMaterialUpdate":false,"showSkybox":false,"showFlares":true,"showImageEffects":true,"showParticleSystems":true},"in2DMode":false,"pivot":{"x":-2.190000057220459,"y":6.168731689453125,"z":11.420000076293946},"rotation":{"x":-0.510055422782898,"y":0.4899505376815796,"z":-0.49974802136421206,"w":-0.5000541806221008},"size":8.414999961853028,"orthographic":true}