{"cameraMode":{"drawMode":0,"name":"Shaded","section":"Shading Mode"},"sceneLighting":true,"audioPlay":false,"sceneViewState":{"showFog":true,"showMaterialUpdate":false,"showSkybox":true,"showFlares":true,"showImageEffects":true,"showParticleSystems":true},"in2DMode":false,"pivot":{"x":13.644020080566407,"y":-6.819531440734863,"z":14.469358444213868},"rotation":{"x":-0.5003067255020142,"y":0.49970051646232607,"z":-0.49910053610801699,"w":-0.5009056329727173},"size":25.27083969116211,"orthographic":true}