{"cameraMode":{"drawMode":0,"name":"Shaded","section":"Shading Mode"},"sceneLighting":false,"audioPlay":false,"sceneViewState":{"showFog":true,"showMaterialUpdate":false,"showSkybox":false,"showFlares":true,"showImageEffects":true,"showParticleSystems":true},"in2DMode":false,"pivot":{"x":4.808762550354004,"y":3.49609375,"z":5.09285831451416},"rotation":{"x":0.37126457691192629,"y":0.011142115108668805,"z":-0.004455306567251682,"w":0.9284526705741882},"size":0.5472435355186462,"orthographic":false}