{"cameraMode":{"drawMode":0,"name":"Shaded","section":"Shading Mode"},"sceneLighting":true,"audioPlay":false,"sceneViewState":{"showFog":true,"showMaterialUpdate":false,"showSkybox":true,"showFlares":true,"showImageEffects":true,"showParticleSystems":true},"in2DMode":false,"pivot":{"x":5.165230751037598,"y":-30.059961318969728,"z":13.150403022766114},"rotation":{"x":-0.4357292652130127,"y":0.5518619418144226,"z":-0.4180416464805603,"w":-0.5751966834068298},"size":25.544483184814454,"orthographic":true}